-3.554373383522033691e-01	-5.509868860244750977e-01	1.177127838134765625e+00	7.916210889816284180e-01	9.317585825920104980e-01	8.410657048225402832e-01	1.453757762908935547e+00	-3.748683035373687744e-01
-9.583104848861694336e-01	-9.773457646369934082e-01	2.501276016235351562e+00	1.564357638359069824e+00	1.996158719062805176e+00	1.626169204711914062e+00	2.877244472503662109e+00	-2.594622969627380371e-01
-1.160786628723144531e+00	-8.488081097602844238e-01	2.246124982833862305e+00	1.968685269355773926e+00	2.052492618560791016e+00	1.207003593444824219e+00	2.430851936340332031e+00	1.478493213653564453e-01
-8.136237263679504395e-01	-3.085176944732666016e-01	1.109457373619079590e+00	1.092472434043884277e+00	1.053210139274597168e+00	6.070502996444702148e-01	1.359198093414306641e+00	-2.245788276195526123e-01
-2.850101590156555176e-01	9.228972792625427246e-01	-5.228362083435058594e-01	-4.843378439545631409e-03	3.333086967468261719e-01	-4.901122152805328369e-01	-3.561185002326965332e-01	-2.001613378524780273e-01
4.034498333930969238e-01	1.593243479728698730e+00	-1.905407071113586426e+00	-1.250668644905090332e+00	-9.584132432937622070e-01	-1.436391592025756836e+00	-1.985613703727722168e+00	-3.391969799995422363e-01
7.796463966369628906e-01	1.254119634628295898e+00	-2.224204778671264648e+00	-1.769389152526855469e+00	-1.417311787605285645e+00	-1.369993805885314941e+00	-2.032852172851562500e+00	-6.703086495399475098e-01
2.058965414762496948e-01	6.418570876121520996e-01	-7.208284139633178711e-01	-8.343439698219299316e-01	-3.279698491096496582e-01	-3.322690129280090332e-01	-4.175903499126434326e-01	-5.213996767997741699e-01
-3.955958485603332520e-01	-5.603445768356323242e-01	1.164102435111999512e+00	6.909009218215942383e-01	1.048010826110839844e+00	9.217144250869750977e-01	1.439938426017761230e+00	-3.949496448040008545e-01
-8.382183313369750977e-01	-7.208888530731201172e-01	1.823223233222961426e+00	1.629815459251403809e+00	1.645173311233520508e+00	1.179465770721435547e+00	2.202413558959960938e+00	-1.459570825099945068e-01
-1.194482803344726562e+00	-7.514488101005554199e-01	2.517224550247192383e+00	1.896695017814636230e+00	2.228464126586914062e+00	1.733110666275024414e+00	2.741127490997314453e+00	-1.715946644544601440e-01
-6.654968857765197754e-01	-3.635194003582000732e-01	1.358706712722778320e+00	1.222761631011962891e+00	1.157781004905700684e+00	1.014273047447204590e+00	1.474017262458801270e+00	-2.838681042194366455e-01
-6.297955662012100220e-02	7.240371108055114746e-01	-6.100778579711914062e-01	-5.153402686119079590e-01	-2.370550930500030518e-01	-5.807660818099975586e-01	-3.826341331005096436e-01	-4.283999502658843994e-01
5.502713918685913086e-01	1.137039303779602051e+00	-1.660843253135681152e+00	-1.564622640609741211e+00	-1.064120411872863770e+00	-1.033756256103515625e+00	-1.582106590270996094e+00	-5.882621407508850098e-01
5.612471103668212891e-01	1.328778624534606934e+00	-1.934346795082092285e+00	-1.698794960975646973e+00	-1.187438845634460449e+00	-1.355627417564392090e+00	-1.921202182769775391e+00	-4.119346737861633301e-01
5.276353657245635986e-02	6.289717555046081543e-01	-3.890462517738342285e-01	-4.780843555927276611e-01	-1.434711460024118423e-02	-2.660292387008666992e-01	-2.722203135490417480e-01	-3.623646497726440430e-01
-2.856927514076232910e-01	-5.220357775688171387e-01	1.291808485984802246e+00	3.169103562831878662e-01	1.121735572814941406e+00	9.104584455490112305e-01	1.736616134643554688e+00	-5.055413842201232910e-01
-1.031972289085388184e+00	-9.211404323577880859e-01	2.164366722106933594e+00	1.932312726974487305e+00	1.642432689666748047e+00	1.460608959197998047e+00	2.757009029388427734e+00	-4.684699177742004395e-01
-1.038866043090820312e+00	-8.770863413810729980e-01	2.454155445098876953e+00	1.712384581565856934e+00	2.226140022277832031e+00	1.429686903953552246e+00	2.806582689285278320e+00	-1.236455291509628296e-01
-9.271547794342041016e-01	3.234640136361122131e-02	1.292630672454833984e+00	1.170543313026428223e+00	1.582968711853027344e+00	6.825385093688964844e-01	1.405676484107971191e+00	-3.261734545230865479e-02
-1.617249101400375366e-01	9.214068651199340820e-01	-5.696511268615722656e-01	-2.688617706298828125e-01	1.157777458429336548e-01	-6.134607195854187012e-01	-7.567690610885620117e-01	-4.772274941205978394e-02
4.425357282161712646e-01	1.361330747604370117e+00	-1.929561734199523926e+00	-1.286179780960083008e+00	-7.963342070579528809e-01	-1.341948270797729492e+00	-1.936573266983032227e+00	-2.941026985645294189e-01
6.872912049293518066e-01	1.194408297538757324e+00	-1.810556054115295410e+00	-1.490906953811645508e+00	-1.129121899604797363e+00	-1.042574644088745117e+00	-1.700521349906921387e+00	-6.656793355941772461e-01
3.770500719547271729e-01	5.923570394515991211e-01	-9.175107479095458984e-01	-9.319497346878051758e-01	-2.449682354927062988e-01	-5.542253851890563965e-01	-8.330935835838317871e-01	-4.296486079692840576e-01
-3.172731697559356689e-01	-5.080937147140502930e-01	1.157293319702148438e+00	6.253262162208557129e-01	1.138587594032287598e+00	8.465936779975891113e-01	1.487989425659179688e+00	-4.522748291492462158e-01
-9.547223448753356934e-01	-1.238728046417236328e+00	2.660545587539672852e+00	2.118288993835449219e+00	2.138950347900390625e+00	1.786919236183166504e+00	2.879319906234741211e+00	-1.902388781309127808e-01
-1.014429450035095215e+00	-9.853245019912719727e-01	2.377582311630249023e+00	1.838961362838745117e+00	1.995414376258850098e+00	1.532895684242248535e+00	2.586039781570434570e+00	-1.477162688970565796e-01
-7.452697157859802246e-01	1.127353962510824203e-02	1.153239250183105469e+00	9.055303335189819336e-01	1.362487673759460449e+00	5.074059963226318359e-01	1.340997695922851562e+00	-8.314259350299835205e-02
-2.753484547138214111e-01	9.911285042762756348e-01	-6.172127127647399902e-01	-2.070406675338745117e-01	2.774332463741302490e-01	-6.163110136985778809e-01	-5.245680809020996094e-01	-2.066652029752731323e-01
3.722306191921234131e-01	1.587047338485717773e+00	-1.562529444694519043e+00	-1.376624464988708496e+00	-6.181430220603942871e-01	-1.188449263572692871e+00	-1.766054153442382812e+00	-3.296174407005310059e-01
6.407182812690734863e-01	1.397023677825927734e+00	-1.826910376548767090e+00	-1.620355010032653809e+00	-8.816768527030944824e-01	-1.058346152305603027e+00	-1.988726019859313965e+00	-4.066219925880432129e-01
3.353300690650939941e-01	4.737476408481597900e-01	-6.924415230751037598e-01	-5.002335309982299805e-01	-3.326034843921661377e-01	-2.958396673202514648e-01	-3.892486393451690674e-01	-6.441830992698669434e-01
-2.763764262199401855e-01	-4.056266248226165771e-01	1.146947979927062988e+00	5.300493836402893066e-01	9.698150753974914551e-01	9.597279429435729980e-01	1.370143413543701172e+00	-4.633987545967102051e-01
-9.422912597656250000e-01	-1.020244359970092773e+00	2.477766036987304688e+00	1.720384120941162109e+00	1.960706591606140137e+00	1.688057780265808105e+00	2.940567255020141602e+00	-3.617756366729736328e-01
-9.146999716758728027e-01	-9.345874190330505371e-01	2.253129482269287109e+00	1.585078001022338867e+00	1.896791338920593262e+00	1.513470888137817383e+00	2.527236700057983398e+00	-2.099000066518783569e-01
-9.740157127380371094e-01	-3.162345290184020996e-01	1.484115481376647949e+00	1.465973138809204102e+00	1.445909261703491211e+00	7.403926849365234375e-01	1.779031515121459961e+00	-7.161007821559906006e-02
-7.675559818744659424e-02	8.957091569900512695e-01	-4.577973783016204834e-01	-2.648278474807739258e-01	1.738305836915969849e-01	-5.745288729667663574e-01	-4.742978215217590332e-01	-2.585123181343078613e-01
1.791953891515731812e-01	1.689177751541137695e+00	-2.007529973983764648e+00	-1.558536887168884277e+00	-1.035277724266052246e+00	-1.622859597206115723e+00	-2.013691186904907227e+00	-2.083150297403335571e-01
7.221322059631347656e-01	1.282714366912841797e+00	-1.843108773231506348e+00	-1.721589684486389160e+00	-1.256576180458068848e+00	-1.227500915527343750e+00	-1.810292124748229980e+00	-6.213207244873046875e-01
1.948902755975723267e-01	8.127076625823974609e-01	-8.475196957588195801e-01	-8.504474759101867676e-01	-3.555145561695098877e-01	-4.766525030136108398e-01	-7.428665161132812500e-01	-3.386154770851135254e-01
-2.529337406158447266e-01	-5.778236389160156250e-01	9.154785275459289551e-01	6.509408950805664062e-01	5.721971392631530762e-01	8.825425505638122559e-01	1.328713655471801758e+00	-5.648660659790039062e-01
-8.691943287849426270e-01	-9.693939089775085449e-01	2.262146711349487305e+00	1.640523433685302734e+00	2.031732320785522461e+00	1.551125288009643555e+00	2.620296716690063477e+00	-2.493488937616348267e-01
-1.130323886871337891e+00	-9.790816307067871094e-01	2.613186120986938477e+00	2.280041933059692383e+00	2.210862636566162109e+00	1.678529500961303711e+00	2.935814142227172852e+00	-1.820621192455291748e-01
-9.604728221893310547e-01	-1.191574409604072571e-01	1.356832623481750488e+00	1.400532841682434082e+00	1.432323932647705078e+00	7.558325529098510742e-01	1.554556727409362793e+00	-8.876993507146835327e-02
-9.392492473125457764e-02	8.289161920547485352e-01	-5.076985955238342285e-01	-4.429157972335815430e-01	-2.900394797325134277e-02	-5.377443432807922363e-01	-5.679795145988464355e-01	-1.648038178682327271e-01
9.160216152667999268e-02	1.498501420021057129e+00	-1.584067821502685547e+00	-1.218341469764709473e+00	-8.989065885543823242e-01	-1.274383187294006348e+00	-1.668705940246582031e+00	-2.215860784053802490e-01
6.809660792350769043e-01	1.503741383552551270e+00	-1.992291212081909180e+00	-1.562978029251098633e+00	-1.022848486900329590e+00	-1.349707603454589844e+00	-2.004531621932983398e+00	-5.694472193717956543e-01
2.793604731559753418e-01	3.959285318851470947e-01	-6.346730589866638184e-01	-6.242969632148742676e-01	-3.285952806472778320e-01	-3.132902979850769043e-01	-4.802308976650238037e-01	-4.814189672470092773e-01
-2.974687814712524414e-01	-5.518679618835449219e-01	1.075157999992370605e+00	6.681658625602722168e-01	1.009294390678405762e+00	9.886550903320312500e-01	1.153844594955444336e+00	-3.364525139331817627e-01
-8.978100419044494629e-01	-1.144813060760498047e+00	2.382155656814575195e+00	1.579966187477111816e+00	1.855673313140869141e+00	1.664833307266235352e+00	2.799661636352539062e+00	-3.349685370922088623e-01
-1.162827730178833008e+00	-7.332772016525268555e-01	2.490495681762695312e+00	1.901918411254882812e+00	2.184154272079467773e+00	1.687732458114624023e+00	2.725365638732910156e+00	-1.440178304910659790e-01
-7.187727093696594238e-01	3.402579203248023987e-02	1.283105850219726562e+00	1.081827163696289062e+00	1.460725545883178711e+00	6.225726008415222168e-01	1.265967369079589844e+00	-5.653430894017219543e-02
-2.257761806249618530e-01	8.261984586715698242e-01	-4.576682150363922119e-01	-7.322321832180023193e-02	7.399038970470428467e-02	-4.026777446269989014e-01	-2.924346029758453369e-01	-4.298219680786132812e-01
5.506458282470703125e-01	1.397047877311706543e+00	-1.890092968940734863e+00	-1.458495736122131348e+00	-1.020900964736938477e+00	-1.176342010498046875e+00	-1.920851349830627441e+00	-5.574394464492797852e-01
6.273368597030639648e-01	1.536150217056274414e+00	-1.903434991836547852e+00	-1.751771450042724609e+00	-1.086112976074218750e+00	-1.327740311622619629e+00	-2.115525960922241211e+00	-2.896270453929901123e-01
3.398690521717071533e-01	6.576293110847473145e-01	-7.658326029777526855e-01	-1.004839658737182617e+00	-4.962394237518310547e-01	-5.954824686050415039e-01	-5.960015058517456055e-01	-4.128462374210357666e-01
-5.115438103675842285e-01	-4.734929203987121582e-01	1.271577358245849609e+00	6.250591278076171875e-01	1.140572547912597656e+00	9.555834531784057617e-01	1.481983304023742676e+00	-1.838835030794143677e-01
-7.729882001876831055e-01	-8.966215252876281738e-01	2.054441928863525391e+00	1.632579803466796875e+00	1.781725406646728516e+00	1.281677007675170898e+00	2.423229217529296875e+00	-2.115946114063262939e-01
-9.741880297660827637e-01	-7.156935930252075195e-01	2.254760742187500000e+00	1.803440809249877930e+00	1.950250267982482910e+00	1.234748482704162598e+00	2.451134443283081055e+00	-7.802504301071166992e-02
-8.600779771804809570e-01	-8.741492778062820435e-02	1.215418577194213867e+00	1.034729480743408203e+00	1.323469161987304688e+00	6.288688182830810547e-01	1.325067162513732910e+00	-2.705869823694229126e-02
-3.952563181519508362e-02	8.466176390647888184e-01	-3.522738218307495117e-01	-4.379769265651702881e-01	3.733964264392852783e-01	-6.057589650154113770e-01	-3.963246345520019531e-01	-7.201377302408218384e-02
3.983753025531768799e-01	1.450054407119750977e+00	-1.666940808296203613e+00	-1.440284848213195801e+00	-5.764650106430053711e-01	-1.247817993164062500e+00	-1.601118326187133789e+00	-4.382252395153045654e-01
5.893479585647583008e-01	1.406678795814514160e+00	-2.035782098770141602e+00	-1.477881550788879395e+00	-9.816675782203674316e-01	-1.450244545936584473e+00	-1.896325111389160156e+00	-4.681711196899414062e-01
3.108335435390472412e-01	5.034752488136291504e-01	-6.457350254058837891e-01	-7.827603220939636230e-01	-1.638875305652618408e-01	-3.564060628414154053e-01	-5.008976459503173828e-01	-4.677910208702087402e-01
-2.684535682201385498e-01	-6.105847358703613281e-01	1.089785814285278320e+00	7.230099439620971680e-01	1.041667342185974121e+00	8.199316263198852539e-01	1.506750345230102539e+00	-4.486859738826751709e-01
-5.966774225234985352e-01	-1.289128065109252930e+00	2.090367794036865234e+00	1.515808701515197754e+00	1.626507282257080078e+00	1.590495586395263672e+00	2.495306015014648438e+00	-4.864816069602966309e-01
-1.199860811233520508e+00	-5.758007168769836426e-01	2.388062477111816406e+00	1.744558691978454590e+00	2.095101118087768555e+00	1.370009303092956543e+00	2.523594141006469727e+00	7.606820762157440186e-02
-6.572803258895874023e-01	-2.961516678333282471e-01	1.359837174415588379e+00	1.401516556739807129e+00	1.172161579132080078e+00	9.506106972694396973e-01	1.457096457481384277e+00	-3.120068907737731934e-01
-9.667174518108367920e-02	8.103274703025817871e-01	-5.183613896369934082e-01	-3.680238127708435059e-01	1.415773630142211914e-01	-4.992905557155609131e-01	-6.581236720085144043e-01	-7.725410908460617065e-02
2.134820520877838135e-01	1.500561237335205078e+00	-1.588527560234069824e+00	-1.182875871658325195e+00	-6.059832572937011719e-01	-1.269916534423828125e+00	-1.691944479942321777e+00	-1.937942802906036377e-01
7.746955752372741699e-01	1.186061620712280273e+00	-1.982244133949279785e+00	-1.642938137054443359e+00	-1.248053431510925293e+00	-1.221781253814697266e+00	-1.764916062355041504e+00	-7.319978475570678711e-01
4.810316860675811768e-01	4.844929277896881104e-01	-7.170277833938598633e-01	-6.664470434188842773e-01	-4.373578131198883057e-01	-3.695962429046630859e-01	-4.365492165088653564e-01	-6.901696920394897461e-01
-3.350873887538909912e-01	-4.268879890441894531e-01	1.127677559852600098e+00	7.190725207328796387e-01	1.097247958183288574e+00	7.421153187751770020e-01	1.266409516334533691e+00	-3.114174306392669678e-01
-9.479414820671081543e-01	-8.766096234321594238e-01	2.483172893524169922e+00	1.651685476303100586e+00	2.012811660766601562e+00	1.687629103660583496e+00	2.673115253448486328e+00	-2.187395840883255005e-01
-1.035322427749633789e+00	-9.601173996925354004e-01	2.430034160614013672e+00	1.826413035392761230e+00	2.206899166107177734e+00	1.367035984992980957e+00	2.769248247146606445e+00	-2.129779607057571411e-01
-6.317257285118103027e-01	-1.482950448989868164e-01	1.320886969566345215e+00	1.084734439849853516e+00	1.379734754562377930e+00	8.162679672241210938e-01	1.324409961700439453e+00	-2.452043294906616211e-01
-2.813285589218139648e-01	1.022562980651855469e+00	-4.000331759452819824e-01	-1.735610663890838623e-01	2.456740885972976685e-01	-4.696586132049560547e-01	-5.291714668273925781e-01	-6.352227926254272461e-02
4.731521308422088623e-01	1.517871022224426270e+00	-2.120881557464599609e+00	-1.350955009460449219e+00	-9.489100575447082520e-01	-1.491452217102050781e+00	-2.002796649932861328e+00	-4.846128225326538086e-01
6.208311915397644043e-01	1.303146243095397949e+00	-1.749156832695007324e+00	-1.406633019447326660e+00	-9.291770458221435547e-01	-1.122685432434082031e+00	-1.939804196357727051e+00	-4.078130722045898438e-01
5.032682418823242188e-01	4.845514297485351562e-01	-7.587482333183288574e-01	-7.334866523742675781e-01	-5.079987645149230957e-01	-2.658981680870056152e-01	-6.226865053176879883e-01	-5.998305082321166992e-01
-3.387493491172790527e-01	-4.350056648254394531e-01	1.073417663574218750e+00	7.955650687217712402e-01	9.021820425987243652e-01	8.654465079307556152e-01	1.290719270706176758e+00	-3.721407949924468994e-01
-9.252426028251647949e-01	-9.664332866668701172e-01	2.248954772949218750e+00	1.589279055595397949e+00	2.113791704177856445e+00	1.421480655670166016e+00	2.643838882446289062e+00	-1.546897888183593750e-01
-1.078559517860412598e+00	-8.564493656158447266e-01	2.153702259063720703e+00	1.924685478210449219e+00	1.972333788871765137e+00	1.356400132179260254e+00	2.551556110382080078e+00	-1.807989031076431274e-01
-8.591721653938293457e-01	-1.706888377666473389e-01	1.287340879440307617e+00	1.184105157852172852e+00	1.324859023094177246e+00	7.266969084739685059e-01	1.458221197128295898e+00	-8.970730751752853394e-02
-2.634691298007965088e-01	7.582103013992309570e-01	-2.832065820693969727e-01	-1.924153864383697510e-01	1.574816405773162842e-01	-3.546006679534912109e-01	-2.276845872402191162e-01	-2.199863195419311523e-01
6.532476544380187988e-01	1.428643584251403809e+00	-1.797839164733886719e+00	-1.405579686164855957e+00	-8.733321428298950195e-01	-1.201931476593017578e+00	-1.775448560714721680e+00	-4.840385019779205322e-01
7.561745047569274902e-01	1.188753843307495117e+00	-1.746589422225952148e+00	-1.602829933166503906e+00	-1.132768988609313965e+00	-1.191865086555480957e+00	-1.668150782585144043e+00	-6.507727503776550293e-01
3.671249151229858398e-01	4.116874039173126221e-01	-5.148025155067443848e-01	-7.595267891883850098e-01	-2.090077251195907593e-01	-2.978099286556243896e-01	-3.395295441150665283e-01	-5.679264068603515625e-01
-3.020727038383483887e-01	-3.086853921413421631e-01	8.231684565544128418e-01	3.147843182086944580e-01	7.712883353233337402e-01	5.516501665115356445e-01	1.036672472953796387e+00	-2.590722441673278809e-01
-9.020833373069763184e-01	-1.078434586524963379e+00	2.462132692337036133e+00	1.830460190773010254e+00	1.962189316749572754e+00	1.658507585525512695e+00	2.740489244461059570e+00	-3.102517426013946533e-01
-1.399962782859802246e+00	-6.627480983734130859e-01	2.588803768157958984e+00	2.096873283386230469e+00	2.157310009002685547e+00	1.621042251586914062e+00	2.774765968322753906e+00	-2.253326401114463806e-02
-5.476914644241333008e-01	-6.557309627532958984e-02	1.394541740417480469e+00	9.531010985374450684e-01	1.554238915443420410e+00	8.861741423606872559e-01	1.385225415229797363e+00	-1.728902906179428101e-01
-2.352648526430130005e-01	1.195473551750183105e+00	-7.616518735885620117e-01	-4.634074270725250244e-01	1.837876858189702034e-03	-8.877304196357727051e-01	-8.523883223533630371e-01	-6.411442905664443970e-02
5.742921829223632812e-01	1.489595413208007812e+00	-2.058530807495117188e+00	-1.450650215148925781e+00	-9.474330544471740723e-01	-1.516789793968200684e+00	-1.998153209686279297e+00	-4.585105478763580322e-01
7.207390069961547852e-01	1.114432215690612793e+00	-1.901076197624206543e+00	-1.223873138427734375e+00	-9.171313047409057617e-01	-1.174803256988525391e+00	-1.761919021606445312e+00	-5.751993060111999512e-01
3.375149369239807129e-01	6.766201257705688477e-01	-7.001776695251464844e-01	-8.696748614311218262e-01	-2.739761769771575928e-01	-4.295226633548736572e-01	-5.438566207885742188e-01	-4.821181297302246094e-01
-2.957482337951660156e-01	-6.593428850173950195e-01	1.346378326416015625e+00	7.290585637092590332e-01	1.191967606544494629e+00	9.052404165267944336e-01	1.667590260505676270e+00	-3.190966844558715820e-01
-1.026923179626464844e+00	-1.163666009902954102e+00	2.661985635757446289e+00	1.866526961326599121e+00	2.079439163208007812e+00	1.770940542221069336e+00	3.075349807739257812e+00	-2.795323133468627930e-01
-1.063675403594970703e+00	-1.141171216964721680e+00	2.423962354660034180e+00	2.048529148101806641e+00	1.794716238975524902e+00	1.608633995056152344e+00	2.886671781539916992e+00	-2.721855938434600830e-01
-7.947999835014343262e-01	-2.924588322639465332e-01	1.516208410263061523e+00	1.165268421173095703e+00	1.527310729026794434e+00	9.204885959625244141e-01	1.597125411033630371e+00	-1.426913738250732422e-01
-2.200791239738464355e-01	8.899376392364501953e-01	-5.027819275856018066e-01	-1.009312793612480164e-01	9.825646132230758667e-02	-6.158077120780944824e-01	-4.947326183319091797e-01	-2.521246671676635742e-01
5.326562523841857910e-01	1.341824650764465332e+00	-1.914013266563415527e+00	-1.358205437660217285e+00	-7.623441815376281738e-01	-1.373689293861389160e+00	-1.782547116279602051e+00	-4.248501658439636230e-01
4.960668087005615234e-01	1.362336158752441406e+00	-1.937995195388793945e+00	-1.469035983085632324e+00	-1.155190467834472656e+00	-1.226738214492797852e+00	-1.759295463562011719e+00	-5.751784443855285645e-01
6.131413951516151428e-02	5.098137259483337402e-01	-4.636946916580200195e-01	-4.857150018215179443e-01	-5.731645599007606506e-02	-3.419991135597229004e-01	-2.842054963111877441e-01	-3.549330532550811768e-01
-6.744784712791442871e-01	-3.260264396667480469e-01	1.158903956413269043e+00	7.493381500244140625e-01	9.690580964088439941e-01	8.532922267913818359e-01	1.384984850883483887e+00	-2.342776954174041748e-01
-7.595930099487304688e-01	-1.290607094764709473e+00	2.446984291076660156e+00	1.928391456604003906e+00	1.953353285789489746e+00	1.810175895690917969e+00	2.809226274490356445e+00	-3.667701184749603271e-01
-1.223022103309631348e+00	-8.162530660629272461e-01	2.278074741363525391e+00	1.897487878799438477e+00	1.991176605224609375e+00	1.471761345863342285e+00	2.645557165145874023e+00	-9.277508407831192017e-02
-6.322966217994689941e-01	-1.161449849605560303e-01	9.923886060714721680e-01	1.062687277793884277e+00	1.350977897644042969e+00	6.141647696495056152e-01	1.258971929550170898e+00	-2.402286082506179810e-01
-2.164697647094726562e-01	8.236021995544433594e-01	-1.610577553510665894e-01	-1.552803367376327515e-01	4.703980684280395508e-01	-2.656792402267456055e-01	-2.630160450935363770e-01	-1.146993637084960938e-01
4.338386952877044678e-01	1.536154508590698242e+00	-1.830278038978576660e+00	-1.266706109046936035e+00	-8.035338521003723145e-01	-1.274459958076477051e+00	-1.868688583374023438e+00	-3.840055763721466064e-01
5.723127722740173340e-01	1.517917037010192871e+00	-2.073165893554687500e+00	-1.669304728507995605e+00	-1.179450511932373047e+00	-1.488855957984924316e+00	-2.047078371047973633e+00	-4.205974042415618896e-01
1.806988418102264404e-01	6.711733341217041016e-01	-7.411689758300781250e-01	-7.048850059509277344e-01	-2.754242122173309326e-01	-4.723536670207977295e-01	-6.090080142021179199e-01	-3.800089359283447266e-01
-1.969209313392639160e-01	-7.834542989730834961e-01	1.224113345146179199e+00	8.061398863792419434e-01	9.872965216636657715e-01	1.007471799850463867e+00	1.589503407478332520e+00	-5.478287935256958008e-01
-1.016569495201110840e+00	-1.301413059234619141e+00	2.770227909088134766e+00	1.923641920089721680e+00	2.153103590011596680e+00	1.840980410575866699e+00	3.205084562301635742e+00	-3.197270333766937256e-01
-1.052962183952331543e+00	-1.031828165054321289e+00	2.655205011367797852e+00	1.818348050117492676e+00	2.410693645477294922e+00	1.665779471397399902e+00	2.902825355529785156e+00	-7.223666459321975708e-02
-6.428233385086059570e-01	-1.843435764312744141e-01	1.258604645729064941e+00	1.037522912025451660e+00	1.725122094154357910e+00	6.549064517021179199e-01	1.408916473388671875e+00	-1.012849137187004089e-01
-4.019770622253417969e-01	7.329693436622619629e-01	-2.420731633901596069e-01	1.788255572319030762e-01	3.825901150703430176e-01	-2.774930596351623535e-01	-9.150820225477218628e-02	-2.440896481275558472e-01
3.260211348533630371e-01	1.230343699455261230e+00	-1.570838451385498047e+00	-1.231167435646057129e+00	-8.482159376144409180e-01	-1.269005894660949707e+00	-1.543562650680541992e+00	-2.781684994697570801e-01
6.832587718963623047e-01	1.286936044692993164e+00	-1.829632520675659180e+00	-1.442310690879821777e+00	-1.051998734474182129e+00	-1.270587801933288574e+00	-1.910282492637634277e+00	-3.995942473411560059e-01
3.396931588649749756e-01	5.003365874290466309e-01	-5.186163187026977539e-01	-7.792114019393920898e-01	-1.389961540699005127e-01	-2.375699877738952637e-01	-5.193814635276794434e-01	-4.605534076690673828e-01
-5.543868541717529297e-01	-5.865082144737243652e-01	1.437515854835510254e+00	1.083307147026062012e+00	1.153030395507812500e+00	1.059604048728942871e+00	1.649617791175842285e+00	-3.367504179477691650e-01
-9.959706068038940430e-01	-1.213841557502746582e+00	2.748956441879272461e+00	1.933218836784362793e+00	2.288693428039550781e+00	1.877238750457763672e+00	2.951554059982299805e+00	-7.640283554792404175e-02
-1.234055399894714355e+00	-1.059792757034301758e+00	2.608808755874633789e+00	1.997051596641540527e+00	2.117175817489624023e+00	1.723747849464416504e+00	2.939399719238281250e+00	-1.908218115568161011e-01
-6.590316891670227051e-01	-2.195369750261306763e-01	1.184095978736877441e+00	1.026877403259277344e+00	1.687106609344482422e+00	7.133211493492126465e-01	1.395849943161010742e+00	-1.210876554250717163e-01
7.006272673606872559e-02	7.297070026397705078e-01	-7.924647927284240723e-01	-4.787653684616088867e-01	1.916682161390781403e-02	-6.059972047805786133e-01	-5.792313814163208008e-01	-3.962462544441223145e-01
3.693014085292816162e-01	1.345180273056030273e+00	-1.886088609695434570e+00	-1.125363230705261230e+00	-9.548742771148681641e-01	-1.215280532836914062e+00	-1.882065773010253906e+00	-4.131506085395812988e-01
7.174968123435974121e-01	1.410067677497863770e+00	-2.216204404830932617e+00	-1.579521417617797852e+00	-1.275629758834838867e+00	-1.413723111152648926e+00	-2.178483724594116211e+00	-5.253837704658508301e-01
1.745399832725524902e-01	6.362988352775573730e-01	-8.423795700073242188e-01	-6.984843611717224121e-01	-2.516103386878967285e-01	-6.333011388778686523e-01	-6.792954802513122559e-01	-3.303200006484985352e-01
-1.542435288429260254e-01	-5.167462229728698730e-01	8.369752764701843262e-01	5.335444808006286621e-01	6.075522899627685547e-01	7.098555564880371094e-01	1.256134986877441406e+00	-5.833762288093566895e-01
-7.100385427474975586e-01	-9.467607140541076660e-01	2.236833333969116211e+00	1.617188096046447754e+00	1.963272333145141602e+00	1.557459712028503418e+00	2.427294015884399414e+00	-2.522442042827606201e-01
-9.930034279823303223e-01	-9.330055117607116699e-01	2.629531383514404297e+00	1.628363847732543945e+00	2.040516853332519531e+00	1.666991472244262695e+00	2.741809368133544922e+00	-1.368915438652038574e-01
-7.558079361915588379e-01	-4.475309699773788452e-02	1.058231353759765625e+00	1.069412231445312500e+00	1.505445599555969238e+00	5.354224443435668945e-01	1.185610532760620117e+00	2.573415264487266541e-02
-7.902173697948455811e-02	8.265163898468017578e-01	-7.161046266555786133e-01	-2.055812031030654907e-01	1.336394343525171280e-02	-5.985628962516784668e-01	-4.473339915275573730e-01	-3.854937851428985596e-01
4.912880361080169678e-01	1.526986837387084961e+00	-1.841765642166137695e+00	-1.415607929229736328e+00	-7.591577172279357910e-01	-1.273428082466125488e+00	-2.042748451232910156e+00	-2.960636317729949951e-01
7.216233015060424805e-01	1.257788419723510742e+00	-1.851716279983520508e+00	-1.650733590126037598e+00	-1.108312249183654785e+00	-1.277123570442199707e+00	-1.965647578239440918e+00	-4.568307697772979736e-01
5.294195413589477539e-01	4.162484407424926758e-01	-6.396942734718322754e-01	-8.506126403808593750e-01	-2.824453115463256836e-01	-3.519537746906280518e-01	-5.090031027793884277e-01	-5.607353448867797852e-01
-4.114383161067962646e-01	-1.418056637048721313e-01	9.851581454277038574e-01	5.200132131576538086e-01	1.022011518478393555e+00	6.274609565734863281e-01	1.181395649909973145e+00	-2.976334393024444580e-01
-8.345065712928771973e-01	-1.269351363182067871e+00	2.578818321228027344e+00	1.837640047073364258e+00	1.935910820960998535e+00	1.711304426193237305e+00	2.952165603637695312e+00	-3.836094737052917480e-01
-1.262774109840393066e+00	-8.526158332824707031e-01	2.281932592391967773e+00	1.971014857292175293e+00	1.924599051475524902e+00	1.365642428398132324e+00	2.508070230484008789e+00	-1.531936135143041611e-02
-7.923078536987304688e-01	-1.899439990520477295e-01	1.315012693405151367e+00	1.021710634231567383e+00	1.457040786743164062e+00	7.222307920455932617e-01	1.494463205337524414e+00	-1.760407686233520508e-01
-2.685523033142089844e-01	9.576571583747863770e-01	-6.092894077301025391e-01	-2.570258080959320068e-01	1.160214543342590332e-01	-5.859143733978271484e-01	-6.085609793663024902e-01	-1.469634771347045898e-01
5.256606936454772949e-01	1.453091621398925781e+00	-1.962709188461303711e+00	-1.382761120796203613e+00	-1.050039410591125488e+00	-1.522356390953063965e+00	-1.823571085929870605e+00	-4.048816859722137451e-01
6.697489619255065918e-01	1.128223538398742676e+00	-1.743325233459472656e+00	-1.410304427146911621e+00	-9.066507816314697266e-01	-9.736244082450866699e-01	-1.485779404640197754e+00	-6.983834505081176758e-01
1.439949721097946167e-01	6.189098358154296875e-01	-6.840067505836486816e-01	-6.495308279991149902e-01	-2.397951930761337280e-01	-4.220153391361236572e-01	-5.471902489662170410e-01	-3.950412273406982422e-01
-2.972137033939361572e-01	-3.759088218212127686e-01	1.018225073814392090e+00	3.843978345394134521e-01	8.983629941940307617e-01	8.291229605674743652e-01	1.266809940338134766e+00	-3.924777507781982422e-01
-1.009586572647094727e+00	-8.507494926452636719e-01	2.429779767990112305e+00	1.613797545433044434e+00	1.932367920875549316e+00	1.666763901710510254e+00	2.744496583938598633e+00	-2.108652591705322266e-01
-1.217410326004028320e+00	-8.758798837661743164e-01	2.574652671813964844e+00	2.080722808837890625e+00	2.352695941925048828e+00	1.632321238517761230e+00	2.856199026107788086e+00	-1.224581226706504822e-01
-8.558372259140014648e-01	-4.920048266649246216e-02	1.138543367385864258e+00	1.172488927841186523e+00	1.159379720687866211e+00	5.462500452995300293e-01	1.090154886245727539e+00	-1.477580796927213669e-02
-1.056722700595855713e-01	8.222107291221618652e-01	-4.456277489662170410e-01	-1.366900503635406494e-01	2.820552587509155273e-01	-3.785434365272521973e-01	-4.323277175426483154e-01	-2.574029862880706787e-01
5.478951334953308105e-01	1.340643763542175293e+00	-1.695697665214538574e+00	-1.355157494544982910e+00	-8.672375679016113281e-01	-1.293780446052551270e+00	-1.870816707611083984e+00	-3.953745067119598389e-01
7.954214811325073242e-01	1.401610851287841797e+00	-2.122037887573242188e+00	-1.728570699691772461e+00	-1.108197331428527832e+00	-1.449105620384216309e+00	-2.072808265686035156e+00	-5.648581385612487793e-01
3.060308992862701416e-01	2.667371332645416260e-01	-4.137109816074371338e-01	-5.595043301582336426e-01	-3.546751141548156738e-01	-2.929794192314147949e-01	-1.897002905607223511e-01	-5.037617683410644531e-01
-2.836490571498870850e-01	-5.270254015922546387e-01	1.067364096641540527e+00	9.342507719993591309e-01	9.810037612915039062e-01	1.054090380668640137e+00	1.308284997940063477e+00	-4.549820423126220703e-01
-8.806836605072021484e-01	-9.506499171257019043e-01	2.294035196304321289e+00	1.637042403221130371e+00	1.892303109169006348e+00	1.483695149421691895e+00	2.660299301147460938e+00	-2.530808448791503906e-01
-1.123794555664062500e+00	-8.829996585845947266e-01	2.266813516616821289e+00	1.945155143737792969e+00	2.181002378463745117e+00	1.548184037208557129e+00	2.573323011398315430e+00	-1.418583393096923828e-01
-5.212739706039428711e-01	-2.474349737167358398e-01	1.109470486640930176e+00	1.189631700515747070e+00	1.276227235794067383e+00	5.844739675521850586e-01	1.197330474853515625e+00	-2.052362412214279175e-01
-3.529291227459907532e-02	8.460637331008911133e-01	-6.536941528320312500e-01	-3.156353235244750977e-01	1.695418357849121094e-01	-4.447408616542816162e-01	-4.212157130241394043e-01	-4.808747470378875732e-01
3.516572415828704834e-01	1.243909358978271484e+00	-1.616718530654907227e+00	-1.104640126228332520e+00	-7.582847476005554199e-01	-1.155403971672058105e+00	-1.673429608345031738e+00	-2.986899316310882568e-01
6.114607453346252441e-01	1.329286217689514160e+00	-1.620126366615295410e+00	-1.577357172966003418e+00	-9.043984413146972656e-01	-1.187907457351684570e+00	-1.678390383720397949e+00	-4.221564531326293945e-01
3.397012054920196533e-01	3.874304890632629395e-01	-4.470666050910949707e-01	-4.722556173801422119e-01	-1.684179157018661499e-01	-3.045413196086883545e-01	-4.238463938236236572e-01	-4.669754505157470703e-01
-3.468309044837951660e-01	-3.723089098930358887e-01	8.213880658149719238e-01	6.372746229171752930e-01	8.263965249061584473e-01	6.238478422164916992e-01	1.106345295906066895e+00	-3.481954336166381836e-01
-7.469750642776489258e-01	-9.667662382125854492e-01	2.223478555679321289e+00	1.720025181770324707e+00	1.938293576240539551e+00	1.516881465911865234e+00	2.650606870651245117e+00	-3.613910973072052002e-01
-1.119165778160095215e+00	-9.464055299758911133e-01	2.325027465820312500e+00	1.986970424652099609e+00	2.231945037841796875e+00	1.400142073631286621e+00	2.764136314392089844e+00	-1.824930310249328613e-01
-7.516366243362426758e-01	2.462796121835708618e-02	8.632171750068664551e-01	9.952904582023620605e-01	1.090386629104614258e+00	3.612985908985137939e-01	1.231819868087768555e+00	-2.667214274406433105e-01
-1.815514266490936279e-01	9.897177815437316895e-01	-4.198409318923950195e-01	-1.512686610221862793e-01	2.136415988206863403e-01	-4.492737054824829102e-01	-5.113658308982849121e-01	-1.700483560562133789e-01
4.997076690196990967e-01	1.157263398170471191e+00	-1.694223046302795410e+00	-1.280170917510986328e+00	-8.228363394737243652e-01	-1.173339366912841797e+00	-1.750597953796386719e+00	-4.037519991397857666e-01
6.206114292144775391e-01	1.041114211082458496e+00	-1.858730554580688477e+00	-1.330910921096801758e+00	-1.216446042060852051e+00	-1.277006506919860840e+00	-1.681263208389282227e+00	-5.398157835006713867e-01
1.048204526305198669e-01	6.146526932716369629e-01	-5.827558040618896484e-01	-9.442267417907714844e-01	-3.974277675151824951e-01	-3.942650556564331055e-01	-3.820129930973052979e-01	-4.691188037395477295e-01
-3.486008942127227783e-01	-6.602627635002136230e-01	1.210356235504150391e+00	6.682163476943969727e-01	1.115463495254516602e+00	8.425477147102355957e-01	1.599862933158874512e+00	-4.083260595798492432e-01
-8.823295235633850098e-01	-1.241241574287414551e+00	2.626376390457153320e+00	1.851679205894470215e+00	2.074930667877197266e+00	1.846554994583129883e+00	3.007879018783569336e+00	-3.390841484069824219e-01
-1.214172840118408203e+00	-8.787837028503417969e-01	2.609896183013916016e+00	1.992370963096618652e+00	2.330038070678710938e+00	1.572546362876892090e+00	2.993284463882446289e+00	-9.895424544811248779e-02
-6.373546123504638672e-01	-8.009089529514312744e-02	1.227823376655578613e+00	9.087913632392883301e-01	1.323691010475158691e+00	7.990765571594238281e-01	1.233184456825256348e+00	-1.561777293682098389e-01
-3.670018315315246582e-01	9.130588769912719727e-01	-3.487451672554016113e-01	9.205408394336700439e-02	4.163568019866943359e-01	-4.619614183902740479e-01	-3.966526985168457031e-01	-5.351625382900238037e-02
6.066337823867797852e-01	1.515327692031860352e+00	-2.050209999084472656e+00	-1.427958250045776367e+00	-9.787157773971557617e-01	-1.422879934310913086e+00	-1.961741209030151367e+00	-4.898322820663452148e-01
6.395854353904724121e-01	1.225809216499328613e+00	-2.150251388549804688e+00	-1.506378054618835449e+00	-1.042207717895507812e+00	-1.510671138763427734e+00	-1.907956838607788086e+00	-5.480297803878784180e-01
6.098771095275878906e-01	5.735475420951843262e-01	-9.641147851943969727e-01	-9.529348015785217285e-01	-6.187760233879089355e-01	-5.121592283248901367e-01	-7.759687304496765137e-01	-6.624038815498352051e-01
-2.163524031639099121e-01	-5.310550332069396973e-01	1.021341085433959961e+00	5.666964054107666016e-01	8.883001804351806641e-01	9.210017919540405273e-01	1.308860182762145996e+00	-5.065650343894958496e-01
-1.042672753334045410e+00	-1.059520959854125977e+00	2.139522314071655273e+00	1.812070846557617188e+00	1.753134250640869141e+00	1.559851050376892090e+00	2.699766874313354492e+00	-3.791485130786895752e-01
-1.064898610115051270e+00	-9.332023262977600098e-01	2.386701822280883789e+00	1.934966444969177246e+00	2.182860136032104492e+00	1.510995268821716309e+00	2.744741678237915039e+00	-1.179374605417251587e-01
-8.170669078826904297e-01	-2.834634622558951378e-03	1.080789208412170410e+00	9.914178252220153809e-01	1.329054713249206543e+00	4.825263023376464844e-01	1.191918253898620605e+00	-7.261097431182861328e-02
-3.491142019629478455e-02	1.011357784271240234e+00	-8.204200267791748047e-01	-4.234468042850494385e-01	-9.090054035186767578e-02	-6.119584441184997559e-01	-8.979459404945373535e-01	-2.277313917875289917e-01
5.037399530410766602e-01	1.414043784141540527e+00	-2.044308423995971680e+00	-1.499916195869445801e+00	-1.234854936599731445e+00	-1.483438372611999512e+00	-1.872752070426940918e+00	-4.726322591304779053e-01
7.977197766304016113e-01	1.119449734687805176e+00	-1.757477283477783203e+00	-1.554073333740234375e+00	-1.013032913208007812e+00	-1.009211421012878418e+00	-1.885895252227783203e+00	-5.340581536293029785e-01
4.075204432010650635e-01	3.421075344085693359e-01	-5.289870500564575195e-01	-5.374968647956848145e-01	-1.886305063962936401e-01	-2.336855828762054443e-01	-5.185083746910095215e-01	-4.660525321960449219e-01
-3.723094165325164795e-01	-2.768428027629852295e-01	8.487701416015625000e-01	6.512386798858642578e-01	9.263275861740112305e-01	6.903831362724304199e-01	1.227083086967468262e+00	-3.925831913948059082e-01
-1.114457488059997559e+00	-9.666249155998229980e-01	2.481931209564208984e+00	1.805823683738708496e+00	2.042672157287597656e+00	1.498015999794006348e+00	2.839803695678710938e+00	-1.150773167610168457e-01
-1.098487973213195801e+00	-8.190515041351318359e-01	2.247230529785156250e+00	1.820958614349365234e+00	1.990898489952087402e+00	1.485538482666015625e+00	2.567021369934082031e+00	-2.592924237251281738e-01
-9.501600265502929688e-01	-7.193824648857116699e-02	1.338825583457946777e+00	1.194859027862548828e+00	1.431610584259033203e+00	7.987345457077026367e-01	1.595077395439147949e+00	-2.847025394439697266e-01
3.880117833614349365e-02	1.035476803779602051e+00	-6.997405886650085449e-01	-5.198425054550170898e-01	-2.533958107233047485e-02	-5.890311598777770996e-01	-6.666050553321838379e-01	-3.615043461322784424e-01
6.021556258201599121e-01	1.263094782829284668e+00	-1.916416049003601074e+00	-1.275348424911499023e+00	-1.020483374595642090e+00	-1.134721040725708008e+00	-1.826076030731201172e+00	-6.082889437675476074e-01
6.914400458335876465e-01	1.262000918388366699e+00	-1.962912917137145996e+00	-1.652132987976074219e+00	-1.308549761772155762e+00	-1.218247175216674805e+00	-1.897282361984252930e+00	-5.920149087905883789e-01
2.417034804821014404e-01	5.637800097465515137e-01	-8.289334774017333984e-01	-7.844994664192199707e-01	-5.413509011268615723e-01	-3.837305903434753418e-01	-4.426765441894531250e-01	-6.672432422637939453e-01
-4.175771474838256836e-01	-6.240789890289306641e-01	1.221134066581726074e+00	7.174488306045532227e-01	9.806983470916748047e-01	9.642522931098937988e-01	1.718018412590026855e+00	-5.103185176849365234e-01
-8.523249030113220215e-01	-1.140696167945861816e+00	2.329775094985961914e+00	1.695513963699340820e+00	1.957307934761047363e+00	1.601977825164794922e+00	2.743422269821166992e+00	-3.086552321910858154e-01
-1.095124363899230957e+00	-1.124666810035705566e+00	2.670430183410644531e+00	2.209043025970458984e+00	2.289711713790893555e+00	1.825850248336791992e+00	3.047809600830078125e+00	-2.814656794071197510e-01
-6.687864065170288086e-01	-1.605965793132781982e-01	1.132191777229309082e+00	9.263141751289367676e-01	1.241445422172546387e+00	6.771264076232910156e-01	1.315682530403137207e+00	-1.845486313104629517e-01
-3.133007287979125977e-01	7.375644445419311523e-01	-5.025156140327453613e-01	-4.063242301344871521e-02	8.206196874380111694e-02	-3.693581223487854004e-01	-3.583942949771881104e-01	-3.353014886379241943e-01
2.678198218345642090e-01	1.381147861480712891e+00	-1.678037047386169434e+00	-1.467491626739501953e+00	-8.156066536903381348e-01	-1.392866969108581543e+00	-1.740100264549255371e+00	-1.507022231817245483e-01
7.200015187263488770e-01	1.079570531845092773e+00	-1.741724967956542969e+00	-1.481006979942321777e+00	-1.000782132148742676e+00	-8.535984754562377930e-01	-1.880970954895019531e+00	-4.761417210102081299e-01
4.918530881404876709e-01	3.865195512771606445e-01	-7.503523230552673340e-01	-5.297905206680297852e-01	-3.696640431880950928e-01	-4.871661365032196045e-01	-3.438692986965179443e-01	-7.464707493782043457e-01
-5.566731095314025879e-01	-4.890839457511901855e-01	9.282099604606628418e-01	6.328757405281066895e-01	9.459050893783569336e-01	6.384472250938415527e-01	1.416076898574829102e+00	-3.271842002868652344e-01
-8.840339779853820801e-01	-6.830120682716369629e-01	2.087843894958496094e+00	1.234527468681335449e+00	1.738594889640808105e+00	1.300367355346679688e+00	2.205081939697265625e+00	-8.443435281515121460e-02
-9.973354935646057129e-01	-6.450293660163879395e-01	2.176667690277099609e+00	1.389193892478942871e+00	1.988635420799255371e+00	1.342056393623352051e+00	2.279956102371215820e+00	-5.757468193769454956e-02
-8.579463958740234375e-01	-1.850842535495758057e-01	1.203328847885131836e+00	1.204982280731201172e+00	1.362749695777893066e+00	5.304946899414062500e-01	1.486408829689025879e+00	-1.346926242113113403e-01
-3.376514911651611328e-01	9.051704406738281250e-01	-3.413658440113067627e-01	-1.524019837379455566e-01	4.787009954452514648e-01	-4.904824197292327881e-01	-3.649162650108337402e-01	-2.719944156706333160e-02
4.853548407554626465e-01	1.226791381835937500e+00	-1.772676825523376465e+00	-1.272349476814270020e+00	-9.689126014709472656e-01	-1.157824754714965820e+00	-1.779508113861083984e+00	-4.731559753417968750e-01
9.051482081413269043e-01	1.143740773200988770e+00	-2.116381168365478516e+00	-1.658460497856140137e+00	-1.175099372863769531e+00	-1.302764296531677246e+00	-1.980869293212890625e+00	-6.177126169204711914e-01
2.152274847030639648e-01	6.687561869621276855e-01	-7.467279434204101562e-01	-7.215427160263061523e-01	-4.563489258289337158e-01	-5.376364588737487793e-01	-6.851981282234191895e-01	-3.753123581409454346e-01
-4.023674428462982178e-01	-3.847297430038452148e-01	9.821487665176391602e-01	8.318686485290527344e-01	1.087332606315612793e+00	7.779028415679931641e-01	1.357257604598999023e+00	-4.243468344211578369e-01
-8.863795995712280273e-01	-1.185981035232543945e+00	2.525694370269775391e+00	1.716040253639221191e+00	2.095729112625122070e+00	1.740439891815185547e+00	2.681089162826538086e+00	-1.897400468587875366e-01
-9.885566234588623047e-01	-7.571300864219665527e-01	1.957702755928039551e+00	1.902637004852294922e+00	1.919695734977722168e+00	1.315311551094055176e+00	2.272935152053833008e+00	-1.236542239785194397e-01
-9.389582872390747070e-01	-3.270190656185150146e-01	1.625164031982421875e+00	1.444381117820739746e+00	1.628569126129150391e+00	8.309371471405029297e-01	1.828828573226928711e+00	-7.194618135690689087e-02
5.851233750581741333e-02	6.055258512496948242e-01	-5.799158215522766113e-01	-3.203159868717193604e-01	3.092193007469177246e-01	-4.199735820293426514e-01	-4.228790998458862305e-01	-3.170638978481292725e-01
4.457502365112304688e-01	1.529440522193908691e+00	-2.002105951309204102e+00	-1.285767793655395508e+00	-9.401925206184387207e-01	-1.364315509796142578e+00	-1.876482248306274414e+00	-4.772463738918304443e-01
6.931775808334350586e-01	1.238258361816406250e+00	-1.873474836349487305e+00	-1.537607908248901367e+00	-1.159053683280944824e+00	-1.195988535881042480e+00	-1.840387344360351562e+00	-5.978919267654418945e-01
2.657225131988525391e-01	4.850156009197235107e-01	-5.236010551452636719e-01	-1.971734613180160522e-01	5.468864738941192627e-02	-1.502606421709060669e-01	-2.704614698886871338e-01	-6.307062506675720215e-01
-3.904048502445220947e-01	-4.051851332187652588e-01	1.107805848121643066e+00	5.410066246986389160e-01	9.244172573089599609e-01	8.411149382591247559e-01	1.417097330093383789e+00	-3.833464384078979492e-01
-7.656810283660888672e-01	-1.029056310653686523e+00	2.370702743530273438e+00	1.522162199020385742e+00	1.883367657661437988e+00	1.603678584098815918e+00	2.625236749649047852e+00	-2.513006925582885742e-01
-1.254240632057189941e+00	-9.193229675292968750e-01	2.553846836090087891e+00	2.019086837768554688e+00	2.173419713973999023e+00	1.537024974822998047e+00	2.773623228073120117e+00	4.607067629694938660e-02
-9.319862127304077148e-01	1.536955032497644424e-02	1.378581643104553223e+00	1.179703235626220703e+00	1.599097728729248047e+00	6.962611079216003418e-01	1.375823974609375000e+00	6.361839175224304199e-02
-8.836321532726287842e-02	7.818754315376281738e-01	-7.061054706573486328e-01	-3.943722546100616455e-01	-2.246792614459991455e-02	-5.127776861190795898e-01	-4.756518006324768066e-01	-3.791218996047973633e-01
6.350208520889282227e-01	1.590523004531860352e+00	-2.311578273773193359e+00	-1.474583745002746582e+00	-1.241264462471008301e+00	-1.605933785438537598e+00	-2.245590448379516602e+00	-4.998335838317871094e-01
7.458506226539611816e-01	1.389052987098693848e+00	-2.085628986358642578e+00	-1.599761366844177246e+00	-1.001239538192749023e+00	-1.375708341598510742e+00	-1.982853055000305176e+00	-4.432077705860137939e-01
2.238850295543670654e-01	6.527009010314941406e-01	-6.602536439895629883e-01	-8.442389369010925293e-01	-3.633139729499816895e-01	-3.607890009880065918e-01	-4.848643243312835693e-01	-5.322619676589965820e-01
-3.565987050533294678e-01	-3.296188414096832275e-01	1.144093155860900879e+00	8.069818615913391113e-01	1.124374270439147949e+00	7.836002111434936523e-01	1.388728260993957520e+00	-3.462147414684295654e-01
-9.789404273033142090e-01	-1.074434041976928711e+00	2.294386148452758789e+00	1.799772143363952637e+00	1.936850070953369141e+00	1.577811479568481445e+00	2.587302684783935547e+00	-1.841116696596145630e-01
-1.148567914962768555e+00	-8.492309451103210449e-01	2.414395570755004883e+00	1.860344409942626953e+00	2.157331466674804688e+00	1.437807798385620117e+00	2.699005603790283203e+00	-1.496110856533050537e-01
-7.675311565399169922e-01	-1.278704106807708740e-01	1.227101325988769531e+00	9.861691594123840332e-01	1.463909864425659180e+00	5.595690011978149414e-01	1.359779715538024902e+00	-7.532915472984313965e-02
-9.517199546098709106e-02	9.254494309425354004e-01	-6.161890625953674316e-01	-4.700360596179962158e-01	6.043784786015748978e-03	-4.280204176902770996e-01	-6.317194104194641113e-01	-1.878811717033386230e-01
5.049534440040588379e-01	1.524278283119201660e+00	-1.872468471527099609e+00	-1.440810084342956543e+00	-9.595028162002563477e-01	-1.337371587753295898e+00	-1.962079524993896484e+00	-3.768935799598693848e-01
7.299225926399230957e-01	1.325309038162231445e+00	-1.941575288772583008e+00	-1.769016504287719727e+00	-1.291004061698913574e+00	-1.246968865394592285e+00	-1.775282382965087891e+00	-6.490122675895690918e-01
5.015206336975097656e-01	4.648594558238983154e-01	-8.327398300170898438e-01	-8.230224847793579102e-01	-6.014921665191650391e-01	-3.006627559661865234e-01	-8.324317932128906250e-01	-5.256441831588745117e-01
-3.127928972244262695e-01	-3.709963262081146240e-01	9.217563271522521973e-01	6.424576044082641602e-01	8.663868904113769531e-01	8.419967889785766602e-01	1.214858293533325195e+00	-4.459956884384155273e-01
-8.932813405990600586e-01	-9.341577291488647461e-01	2.096600770950317383e+00	1.632998108863830566e+00	1.747188448905944824e+00	1.460565090179443359e+00	2.517544507980346680e+00	-3.025323450565338135e-01
-1.094432115554809570e+00	-8.335826396942138672e-01	2.381908416748046875e+00	2.096930027008056641e+00	2.063443899154663086e+00	1.515584468841552734e+00	2.771893262863159180e+00	-2.935026884078979492e-01
-9.401569962501525879e-01	-8.734853565692901611e-02	1.286093354225158691e+00	1.054281711578369141e+00	1.481866121292114258e+00	7.118886709213256836e-01	1.442400217056274414e+00	-3.035019151866436005e-02
-2.876662313938140869e-01	8.576954007148742676e-01	-5.365368127822875977e-01	-1.214382201433181763e-01	1.235101148486137390e-01	-4.922164976596832275e-01	-3.826596140861511230e-01	-2.813251912593841553e-01
3.708481490612030029e-01	1.505829811096191406e+00	-1.640366554260253906e+00	-1.462217807769775391e+00	-7.104294896125793457e-01	-1.234898209571838379e+00	-1.820350646972656250e+00	-2.291232943534851074e-01
7.547150850296020508e-01	1.388404130935668945e+00	-2.027759313583374023e+00	-1.783421277999877930e+00	-1.211916685104370117e+00	-1.387651562690734863e+00	-1.970190525054931641e+00	-5.568203330039978027e-01
3.696298003196716309e-01	2.837722301483154297e-01	-5.089726448059082031e-01	-4.803061485290527344e-01	-3.104883432388305664e-01	-1.424888521432876587e-01	-1.209467351436614990e-01	-8.204145431518554688e-01
-3.360771834850311279e-01	-5.309876799583435059e-01	1.175260901451110840e+00	8.968225121498107910e-01	1.119586825370788574e+00	9.990167617797851562e-01	1.509336233139038086e+00	-5.087279677391052246e-01
-9.565333127975463867e-01	-8.903308510780334473e-01	2.456343650817871094e+00	1.619947433471679688e+00	2.143142223358154297e+00	1.672157049179077148e+00	2.548304080963134766e+00	-1.329872757196426392e-01
-1.238850355148315430e+00	-8.246755599975585938e-01	2.479104042053222656e+00	2.005112409591674805e+00	2.261953115463256836e+00	1.638000249862670898e+00	2.915323495864868164e+00	-1.856599748134613037e-01
-7.877040505409240723e-01	-7.299154251813888550e-02	1.199741244316101074e+00	1.324769020080566406e+00	1.434619784355163574e+00	6.158521771430969238e-01	1.482768654823303223e+00	-2.465103566646575928e-01
3.321276232600212097e-02	8.097925782203674316e-01	-6.502937674522399902e-01	-2.894604802131652832e-01	-1.499663740396499634e-01	-5.334270596504211426e-01	-3.314501345157623291e-01	-5.523098111152648926e-01
6.025117635726928711e-01	1.655344009399414062e+00	-2.088107824325561523e+00	-1.631811976432800293e+00	-1.031821370124816895e+00	-1.620241403579711914e+00	-2.182887792587280273e+00	-3.554417490959167480e-01
8.293014764785766602e-01	1.369518280029296875e+00	-2.037828683853149414e+00	-1.898186206817626953e+00	-9.675989151000976562e-01	-1.377811551094055176e+00	-2.051142692565917969e+00	-4.973683655261993408e-01
5.019421577453613281e-01	4.295724630355834961e-01	-7.643901705741882324e-01	-7.266510128974914551e-01	-5.434346199035644531e-01	-3.071608245372772217e-01	-5.919473171234130859e-01	-6.483490467071533203e-01
-6.017985343933105469e-01	-4.957818686962127686e-01	1.371475219726562500e+00	7.345675826072692871e-01	1.008582830429077148e+00	8.224236369132995605e-01	1.667507648468017578e+00	-2.679081559181213379e-01
-1.021785259246826172e+00	-1.304439663887023926e+00	2.949934244155883789e+00	2.185925245285034180e+00	2.356460809707641602e+00	1.977025032043457031e+00	3.153179645538330078e+00	-2.194150686264038086e-01
-9.528700113296508789e-01	-1.047615289688110352e+00	2.672277688980102539e+00	1.974674224853515625e+00	2.340991735458374023e+00	1.707542181015014648e+00	2.717610359191894531e+00	-3.102759644389152527e-02
-8.184376358985900879e-01	-6.947108358144760132e-02	1.229560136795043945e+00	1.001187324523925781e+00	1.319897651672363281e+00	7.377603054046630859e-01	1.407912731170654297e+00	-2.139648348093032837e-01
-1.681305468082427979e-01	8.609474301338195801e-01	-6.421743035316467285e-01	-3.026088476181030273e-01	4.850511625409126282e-02	-4.208834171295166016e-01	-6.932532191276550293e-01	-2.650449573993682861e-01
5.646274685859680176e-01	1.331383824348449707e+00	-1.883594870567321777e+00	-1.286823511123657227e+00	-1.004183173179626465e+00	-1.299446940422058105e+00	-1.912626504898071289e+00	-3.591456711292266846e-01
8.654713034629821777e-01	1.390210270881652832e+00	-2.190257072448730469e+00	-2.012449741363525391e+00	-1.390536069869995117e+00	-1.380273342132568359e+00	-2.007575511932373047e+00	-7.736219763755798340e-01
3.156537115573883057e-01	4.047851860523223877e-01	-4.877830147743225098e-01	-5.303869843482971191e-01	-3.431836366653442383e-01	-2.460435926914215088e-01	-3.277866244316101074e-01	-5.654692053794860840e-01
-4.133473336696624756e-01	-3.903654217720031738e-01	1.028106689453125000e+00	6.604691743850708008e-01	9.339917898178100586e-01	6.661399006843566895e-01	1.502435564994812012e+00	-3.795527815818786621e-01
-8.898865580558776855e-01	-1.077476024627685547e+00	2.292017459869384766e+00	1.652473688125610352e+00	1.799267888069152832e+00	1.479988932609558105e+00	2.722878456115722656e+00	-3.144610226154327393e-01
-1.083186745643615723e+00	-1.093148708343505859e+00	2.379824876785278320e+00	2.263132095336914062e+00	2.120063304901123047e+00	1.681648135185241699e+00	2.854139804840087891e+00	-3.396466970443725586e-01
-8.707646727561950684e-01	-1.164278611540794373e-01	1.276729822158813477e+00	1.245801210403442383e+00	1.439843297004699707e+00	7.321597933769226074e-01	1.418048143386840820e+00	-9.969493746757507324e-02
-2.882257699966430664e-01	9.085510373115539551e-01	-2.797608971595764160e-01	-1.315053403377532959e-01	2.538820207118988037e-01	-3.400944769382476807e-01	-2.044290751218795776e-01	-3.387963473796844482e-01
5.116252899169921875e-01	1.443243861198425293e+00	-2.014363765716552734e+00	-1.401322126388549805e+00	-7.430899143218994141e-01	-1.358672618865966797e+00	-1.936089515686035156e+00	-4.636614024639129639e-01
7.325045466423034668e-01	1.184167385101318359e+00	-1.747271299362182617e+00	-1.573166131973266602e+00	-1.046749711036682129e+00	-1.134464740753173828e+00	-1.815198183059692383e+00	-5.384882688522338867e-01
3.375414907932281494e-01	5.991349220275878906e-01	-7.663440108299255371e-01	-7.326650619506835938e-01	-3.329216241836547852e-01	-4.758608639240264893e-01	-4.333263635635375977e-01	-6.115459799766540527e-01
-3.388887345790863037e-01	-3.504006266593933105e-01	8.088660240173339844e-01	5.231791138648986816e-01	7.439407110214233398e-01	5.745410323143005371e-01	1.158917546272277832e+00	-4.107632339000701904e-01
-1.058986544609069824e+00	-9.672986268997192383e-01	2.568746328353881836e+00	1.837669849395751953e+00	2.034283876419067383e+00	1.603609204292297363e+00	2.851967096328735352e+00	-9.643557667732238770e-02
-1.271638989448547363e+00	-1.202839612960815430e+00	3.144267559051513672e+00	2.063606739044189453e+00	2.475658893585205078e+00	1.909222841262817383e+00	3.339593410491943359e+00	8.190573193132877350e-03
-7.409636974334716797e-01	-1.938370466232299805e-01	1.255240917205810547e+00	1.268677949905395508e+00	1.333179593086242676e+00	5.557150840759277344e-01	1.397701144218444824e+00	-1.408281326293945312e-01
3.816271200776100159e-02	7.410711050033569336e-01	-7.901430726051330566e-01	-1.726004481315612793e-01	-4.222606495022773743e-02	-5.205215811729431152e-01	-6.646194458007812500e-01	-4.103091657161712646e-01
5.611882805824279785e-01	1.218284249305725098e+00	-1.854606151580810547e+00	-9.381760358810424805e-01	-7.171014547348022461e-01	-1.129312992095947266e+00	-1.709596037864685059e+00	-5.529907941818237305e-01
5.654641389846801758e-01	1.552942395210266113e+00	-1.991721153259277344e+00	-1.661153912544250488e+00	-1.011479020118713379e+00	-1.327844858169555664e+00	-2.031593561172485352e+00	-3.912634551525115967e-01
2.963963150978088379e-01	3.979946374893188477e-01	-7.293410897254943848e-01	-7.443951368331909180e-01	-3.325625658035278320e-01	-2.818384170532226562e-01	-3.509120345115661621e-01	-7.009955644607543945e-01
-4.372555613517761230e-01	-2.295195460319519043e-01	1.223892450332641602e+00	5.199692249298095703e-01	9.913743734359741211e-01	8.397616744041442871e-01	1.428145647048950195e+00	-3.673091530799865723e-01
-8.720500469207763672e-01	-9.810116887092590332e-01	2.385217189788818359e+00	1.742694616317749023e+00	2.066191434860229492e+00	1.562856435775756836e+00	2.678161144256591797e+00	-1.944484263658523560e-01
-1.023488163948059082e+00	-9.879844784736633301e-01	2.361479282379150391e+00	1.665988087654113770e+00	1.990494608879089355e+00	1.405074596405029297e+00	2.745424985885620117e+00	-1.522194594144821167e-01
-9.768734574317932129e-01	-2.968017756938934326e-02	1.543280959129333496e+00	1.230572581291198730e+00	1.631503224372863770e+00	8.656020760536193848e-01	1.510179519653320312e+00	5.517970770597457886e-02
2.935682237148284912e-02	9.170457124710083008e-01	-5.988214612007141113e-01	-3.765138387680053711e-01	2.956741452217102051e-01	-4.958277642726898193e-01	-6.508339643478393555e-01	-2.872135639190673828e-01
3.690416514873504639e-01	1.580993056297302246e+00	-2.017505884170532227e+00	-1.543986439704895020e+00	-9.429365396499633789e-01	-1.622164368629455566e+00	-2.256269693374633789e+00	-5.406535789370536804e-02
4.465559124946594238e-01	1.384354829788208008e+00	-1.725518584251403809e+00	-1.334095478057861328e+00	-9.227101802825927734e-01	-1.148868441581726074e+00	-1.810145497322082520e+00	-4.035632610321044922e-01
3.060160577297210693e-01	3.300556838512420654e-01	-4.743784964084625244e-01	-7.123620510101318359e-01	-2.710437178611755371e-01	-8.749022334814071655e-02	-2.971727252006530762e-01	-5.461850762367248535e-01
-3.044643104076385498e-01	-3.676998913288116455e-01	9.010482430458068848e-01	7.541562914848327637e-01	8.499062657356262207e-01	6.885915398597717285e-01	1.335489153861999512e+00	-4.646063745021820068e-01
-7.954440116882324219e-01	-9.313836097717285156e-01	1.979016065597534180e+00	1.537307977676391602e+00	1.715117335319519043e+00	1.364548683166503906e+00	2.257605314254760742e+00	-1.862236261367797852e-01
-7.910504937171936035e-01	-8.899766802787780762e-01	2.224942445755004883e+00	1.716452956199645996e+00	1.907526969909667969e+00	1.461289882659912109e+00	2.661795616149902344e+00	-4.118902683258056641e-01
-8.019570112228393555e-01	-1.778285503387451172e-01	1.093372702598571777e+00	1.049731135368347168e+00	1.209046125411987305e+00	6.946517229080200195e-01	1.379671692848205566e+00	-2.368934005498886108e-01
-3.297822177410125732e-02	9.606860876083374023e-01	-6.661168336868286133e-01	-3.212299942970275879e-01	-6.830482929944992065e-02	-6.592302322387695312e-01	-6.486629843711853027e-01	-2.349511086940765381e-01
3.340146541595458984e-01	1.635759949684143066e+00	-1.966467499732971191e+00	-1.332923531532287598e+00	-8.855239152908325195e-01	-1.515401601791381836e+00	-1.833889245986938477e+00	-4.847310185432434082e-01
7.396417260169982910e-01	1.248487234115600586e+00	-2.106316089630126953e+00	-1.559591889381408691e+00	-1.233344435691833496e+00	-1.368929147720336914e+00	-2.048266410827636719e+00	-5.532794594764709473e-01
2.914067804813385010e-01	5.136501789093017578e-01	-7.130790948867797852e-01	-8.285343050956726074e-01	-4.370042383670806885e-01	-5.293052792549133301e-01	-5.802981853485107422e-01	-3.788188695907592773e-01
-5.201649069786071777e-01	-3.290145397186279297e-01	1.186128735542297363e+00	6.389540433883666992e-01	8.741953372955322266e-01	6.435212492942810059e-01	1.452391147613525391e+00	-3.079099953174591064e-01
-9.184263944625854492e-01	-9.723763465881347656e-01	2.301095962524414062e+00	1.790666103363037109e+00	1.929894924163818359e+00	1.575425744056701660e+00	2.483772277832031250e+00	-1.787015646696090698e-01
-1.074914932250976562e+00	-8.626626729965209961e-01	2.534624338150024414e+00	1.723270177841186523e+00	2.206587791442871094e+00	1.614816188812255859e+00	2.934201240539550781e+00	-2.559662759304046631e-01
-7.022950649261474609e-01	-2.662477791309356689e-01	1.158349394798278809e+00	1.093162536621093750e+00	1.276953339576721191e+00	7.303832769393920898e-01	1.532276630401611328e+00	-3.699781000614166260e-01
-1.920330971479415894e-01	9.728162288665771484e-01	-6.811820268630981445e-01	-4.706677794456481934e-01	1.534436345100402832e-01	-6.528991460800170898e-01	-6.254147291183471680e-01	-1.481293886899948120e-01
5.698859095573425293e-01	1.409083366394042969e+00	-1.757832407951354980e+00	-1.325285911560058594e+00	-8.673220276832580566e-01	-1.208076834678649902e+00	-1.643742561340332031e+00	-5.826569199562072754e-01
7.067939043045043945e-01	1.322659254074096680e+00	-1.837096095085144043e+00	-1.620110034942626953e+00	-1.151614665985107422e+00	-1.170696973800659180e+00	-1.650312662124633789e+00	-6.779882311820983887e-01
2.545123398303985596e-01	5.393221378326416016e-01	-4.675578773021697998e-01	-5.790259242057800293e-01	-2.059490382671356201e-01	-1.628359407186508179e-01	-3.000889718532562256e-01	-5.653121471405029297e-01
-3.318956494331359863e-01	-5.026391148567199707e-01	1.134137153625488281e+00	6.644285917282104492e-01	9.283161759376525879e-01	9.031108021736145020e-01	1.454858064651489258e+00	-4.317727982997894287e-01
-9.467995166778564453e-01	-1.287306308746337891e+00	2.416089296340942383e+00	1.908385515213012695e+00	1.841200947761535645e+00	1.680511474609375000e+00	2.909770011901855469e+00	-3.083752691745758057e-01
-1.070639967918395996e+00	-6.840090751647949219e-01	2.391581773757934570e+00	1.793914794921875000e+00	2.174363374710083008e+00	1.538753151893615723e+00	2.596875429153442383e+00	-1.257875114679336548e-01
-7.226089239120483398e-01	-2.541369795799255371e-01	1.315564513206481934e+00	1.433642745018005371e+00	1.214067339897155762e+00	9.091956019401550293e-01	1.533117175102233887e+00	-4.017562568187713623e-01
-2.103052288293838501e-01	8.190788626670837402e-01	-8.336719274520874023e-01	-2.028053998947143555e-01	-1.242250576615333557e-02	-6.950167417526245117e-01	-7.238318920135498047e-01	-1.548643857240676880e-01
6.338989734649658203e-01	1.461980342864990234e+00	-2.207997322082519531e+00	-1.428575754165649414e+00	-1.367663860321044922e+00	-1.513178706169128418e+00	-2.301094055175781250e+00	-3.814193904399871826e-01
5.436931252479553223e-01	1.561816453933715820e+00	-2.016030788421630859e+00	-1.489223480224609375e+00	-7.867983579635620117e-01	-1.475670695304870605e+00	-1.895679950714111328e+00	-3.783183395862579346e-01
5.197623968124389648e-01	4.182838201522827148e-01	-8.614869713783264160e-01	-7.502228021621704102e-01	-4.765703976154327393e-01	-4.773043394088745117e-01	-6.753952503204345703e-01	-5.245182514190673828e-01
-1.665879487991333008e-01	-2.533738613128662109e-01	9.186435937881469727e-01	1.836342513561248779e-01	8.710684776306152344e-01	6.578336954116821289e-01	1.105365157127380371e+00	-4.904012084007263184e-01
-1.117468357086181641e+00	-9.175856113433837891e-01	2.614059686660766602e+00	1.959608674049377441e+00	2.377478599548339844e+00	1.536710023880004883e+00	2.774090766906738281e+00	1.663352362811565399e-02
-1.200289845466613770e+00	-1.293879747390747070e+00	2.720661163330078125e+00	2.128064155578613281e+00	2.381096363067626953e+00	1.680808663368225098e+00	3.319239377975463867e+00	-2.228630334138870239e-01
-9.050618410110473633e-01	7.262806594371795654e-02	1.179100990295410156e+00	1.104361295700073242e+00	1.463016748428344727e+00	4.567203521728515625e-01	1.212193012237548828e+00	8.425919711589813232e-02
-9.122578799724578857e-02	9.092190861701965332e-01	-5.447589755058288574e-01	-4.272520840167999268e-01	1.484215855598449707e-01	-4.675420224666595459e-01	-7.053304314613342285e-01	-1.287202835083007812e-01
5.973063707351684570e-01	1.681446790695190430e+00	-1.945980310440063477e+00	-1.645562648773193359e+00	-8.200111985206604004e-01	-1.221001505851745605e+00	-2.113759517669677734e+00	-4.866532385349273682e-01
8.679280281066894531e-01	1.073503017425537109e+00	-1.944732069969177246e+00	-1.798115968704223633e+00	-1.161529064178466797e+00	-1.123776793479919434e+00	-1.788547396659851074e+00	-6.775628328323364258e-01
2.395763099193572998e-01	4.989055395126342773e-01	-6.052111387252807617e-01	-7.543951272964477539e-01	-3.134333491325378418e-01	-4.077757000923156738e-01	-3.120430707931518555e-01	-5.628712773323059082e-01
-2.784468531608581543e-01	-7.654828429222106934e-01	1.359430551528930664e+00	6.822186708450317383e-01	7.829116582870483398e-01	1.006160140037536621e+00	1.690892577171325684e+00	-5.175101757049560547e-01
-9.061266779899597168e-01	-8.510157465934753418e-01	2.312429189682006836e+00	1.931154012680053711e+00	1.977775335311889648e+00	1.473521947860717773e+00	2.422512531280517578e+00	-1.155024766921997070e-01
-1.213690638542175293e+00	-9.006269574165344238e-01	2.690789699554443359e+00	2.205382347106933594e+00	2.657049655914306641e+00	1.605471134185791016e+00	2.880885839462280273e+00	1.359781343489885330e-02
-7.424719929695129395e-01	2.465645223855972290e-02	1.294323921203613281e+00	1.137734055519104004e+00	1.423356294631958008e+00	8.237439393997192383e-01	1.235431432723999023e+00	-5.240098759531974792e-02
-1.123910769820213318e-02	8.021648526191711426e-01	-5.806476473808288574e-01	-3.909068703651428223e-01	2.784103527665138245e-02	-4.933760166168212891e-01	-4.248479008674621582e-01	-3.769843280315399170e-01
3.991936743259429932e-01	1.340059518814086914e+00	-1.592287778854370117e+00	-1.097500562667846680e+00	-8.162202239036560059e-01	-1.116241097450256348e+00	-1.629533648490905762e+00	-3.603078126907348633e-01
7.403087019920349121e-01	1.451952934265136719e+00	-1.941181778907775879e+00	-1.763641953468322754e+00	-8.829957842826843262e-01	-1.280012726783752441e+00	-1.853720784187316895e+00	-6.691972017288208008e-01
3.254259526729583740e-01	3.803664147853851318e-01	-4.595711529254913330e-01	-5.482872724533081055e-01	-3.897818326950073242e-01	-1.682140231132507324e-01	-2.053485363721847534e-01	-7.064992189407348633e-01
-1.503783166408538818e-01	-5.127401947975158691e-01	1.046121954917907715e+00	4.646793305873870850e-01	8.557229638099670410e-01	7.648572325706481934e-01	1.285672187805175781e+00	-4.496616721153259277e-01
-8.846901059150695801e-01	-1.105132102966308594e+00	2.356262207031250000e+00	1.582433223724365234e+00	1.887491583824157715e+00	1.568605303764343262e+00	2.743495702743530273e+00	-3.136525750160217285e-01
-1.201747179031372070e+00	-9.898945093154907227e-01	2.938804388046264648e+00	2.018171548843383789e+00	2.219264745712280273e+00	1.968942046165466309e+00	3.036983013153076172e+00	-1.163494586944580078e-01
-6.748039722442626953e-01	-3.494911789894104004e-01	1.290932178497314453e+00	1.002468466758728027e+00	1.289561033248901367e+00	8.792693018913269043e-01	1.491215229034423828e+00	-3.188159465789794922e-01
2.449493668973445892e-02	1.133453607559204102e+00	-7.459427118301391602e-01	-5.536403059959411621e-01	1.681488454341888428e-01	-5.685787796974182129e-01	-9.077551960945129395e-01	-1.619375944137573242e-01
3.473256230354309082e-01	1.499577879905700684e+00	-1.769257545471191406e+00	-1.448737978935241699e+00	-8.886566758155822754e-01	-1.438746690750122070e+00	-1.797812342643737793e+00	-2.402984350919723511e-01
8.543717265129089355e-01	1.255819678306579590e+00	-1.920566797256469727e+00	-1.550088405609130859e+00	-1.139882326126098633e+00	-1.087800502777099609e+00	-1.996709346771240234e+00	-6.541402339935302734e-01
3.103596866130828857e-01	4.163348674774169922e-01	-5.507796406745910645e-01	-6.872298717498779297e-01	-2.761695086956024170e-01	-1.701606065034866333e-01	-4.948275089263916016e-01	-5.143226981163024902e-01
-2.036283910274505615e-01	-4.900939166545867920e-01	9.848838448524475098e-01	4.607506394386291504e-01	7.643274664878845215e-01	6.871289610862731934e-01	1.370312809944152832e+00	-5.575208067893981934e-01
-8.273740410804748535e-01	-1.174821257591247559e+00	2.306460618972778320e+00	1.849859356880187988e+00	1.864091992378234863e+00	1.530137896537780762e+00	2.703011035919189453e+00	-2.527582943439483643e-01
-1.040748238563537598e+00	-1.041794776916503906e+00	2.613793373107910156e+00	2.095388174057006836e+00	2.287665128707885742e+00	1.769272923469543457e+00	3.007893562316894531e+00	-1.960281580686569214e-01
-8.068819642066955566e-01	5.193848535418510437e-02	1.147735238075256348e+00	1.069622993469238281e+00	1.395141482353210449e+00	5.254247784614562988e-01	1.246880650520324707e+00	-8.331454358994960785e-03
-2.892023026943206787e-01	1.040108680725097656e+00	-5.495191216468811035e-01	-2.336806058883666992e-01	2.848565876483917236e-01	-6.541253924369812012e-01	-4.476712346076965332e-01	-1.466654837131500244e-01
5.826045870780944824e-01	1.481462001800537109e+00	-1.931911826133728027e+00	-1.548590660095214844e+00	-9.196869134902954102e-01	-1.466819882392883301e+00	-1.973988771438598633e+00	-2.809951901435852051e-01
6.268132925033569336e-01	1.281944990158081055e+00	-1.910739421844482422e+00	-1.637442469596862793e+00	-9.897395372390747070e-01	-1.382425189018249512e+00	-1.895156264305114746e+00	-4.185602664947509766e-01
3.016017079353332520e-01	4.664731323719024658e-01	-6.475321054458618164e-01	-6.096510887145996094e-01	-2.466573268175125122e-01	-2.033132910728454590e-01	-4.425831139087677002e-01	-5.463318228721618652e-01
-2.818031311035156250e-01	-3.320067226886749268e-01	8.448895812034606934e-01	2.545325160026550293e-01	7.935519218444824219e-01	6.586828231811523438e-01	1.145791411399841309e+00	-3.768614828586578369e-01
-8.020599484443664551e-01	-1.058121681213378906e+00	2.426688909530639648e+00	1.761737108230590820e+00	1.782338857650756836e+00	1.652259349822998047e+00	2.621768712997436523e+00	-3.013458549976348877e-01
-1.007330179214477539e+00	-8.335707783699035645e-01	2.281680107116699219e+00	1.950055480003356934e+00	2.124657630920410156e+00	1.275089144706726074e+00	2.496918439865112305e+00	-6.962839979678392410e-03
-6.786191463470458984e-01	-4.387697577476501465e-02	9.867148399353027344e-01	1.081482172012329102e+00	1.411149144172668457e+00	4.931434392929077148e-01	1.139516711235046387e+00	-2.102729678153991699e-01
-1.705568581819534302e-01	8.202421665191650391e-01	-4.316925406455993652e-01	-2.159217894077301025e-01	1.832192093133926392e-01	-5.601749420166015625e-01	-4.862398803234100342e-01	-1.220510154962539673e-01
5.851947665214538574e-01	1.367428302764892578e+00	-1.762052416801452637e+00	-1.744413971900939941e+00	-7.998165488243103027e-01	-1.283448934555053711e+00	-1.769052863121032715e+00	-4.659214317798614502e-01
7.001822590827941895e-01	1.419317603111267090e+00	-1.884350180625915527e+00	-1.793799281120300293e+00	-1.057995080947875977e+00	-1.167023181915283203e+00	-1.961362481117248535e+00	-4.509055018424987793e-01
2.123111039400100708e-01	5.156099796295166016e-01	-5.284924507141113281e-01	-5.764859318733215332e-01	-1.368623375892639160e-01	-1.890970617532730103e-01	-3.275874555110931396e-01	-5.526884198188781738e-01
-2.854180634021759033e-01	-2.932883203029632568e-01	8.617191314697265625e-01	5.453493595123291016e-01	6.649366617202758789e-01	6.115450263023376465e-01	1.121514916419982910e+00	-4.558670818805694580e-01
-1.026037335395812988e+00	-1.063315272331237793e+00	2.589469671249389648e+00	1.877994418144226074e+00	2.219819068908691406e+00	1.769585132598876953e+00	2.931826114654541016e+00	-2.076135724782943726e-01
-1.163054466247558594e+00	-1.048303008079528809e+00	2.657432079315185547e+00	2.060991764068603516e+00	2.089612483978271484e+00	1.732536554336547852e+00	2.916231393814086914e+00	-2.423974722623825073e-01
-6.632748246192932129e-01	-1.158571094274520874e-01	1.055315852165222168e+00	1.264069199562072754e+00	1.181196808815002441e+00	5.363140702247619629e-01	1.195525884628295898e+00	-1.990812867879867554e-01
-2.007362693548202515e-01	1.133776903152465820e+00	-6.668335199356079102e-01	-4.008964598178863525e-01	1.063430085778236389e-01	-7.340692281723022461e-01	-8.670195937156677246e-01	-7.043422013521194458e-02
5.789080262184143066e-01	1.323871374130249023e+00	-1.968620538711547852e+00	-1.388880491256713867e+00	-9.770521521568298340e-01	-1.285772919654846191e+00	-1.882905483245849609e+00	-5.276123881340026855e-01
5.680811405181884766e-01	1.303002834320068359e+00	-1.819084763526916504e+00	-1.603621959686279297e+00	-1.122423291206359863e+00	-1.172260284423828125e+00	-1.743422389030456543e+00	-5.710690617561340332e-01
1.995864659547805786e-01	5.124034881591796875e-01	-6.002610325813293457e-01	-4.749274551868438721e-01	-1.692434698343276978e-01	-3.242351412773132324e-01	-4.376727044582366943e-01	-5.133541822433471680e-01
-4.408077597618103027e-01	-3.653737008571624756e-01	1.005203008651733398e+00	5.388081669807434082e-01	1.068853259086608887e+00	7.075766324996948242e-01	1.431879162788391113e+00	-3.718212842941284180e-01
-7.754804491996765137e-01	-1.161392688751220703e+00	2.362751722335815430e+00	1.461367011070251465e+00	1.910008192062377930e+00	1.680041909217834473e+00	2.834522247314453125e+00	-4.834044277667999268e-01
-9.338757395744323730e-01	-8.096210956573486328e-01	2.082252979278564453e+00	1.575835704803466797e+00	1.981347441673278809e+00	1.262596011161804199e+00	2.635123014450073242e+00	-3.443651199340820312e-01
-8.106412291526794434e-01	2.659789100289344788e-02	1.079106330871582031e+00	1.130915403366088867e+00	1.364422082901000977e+00	5.953795909881591797e-01	1.252537727355957031e+00	-1.021109744906425476e-01
1.565154790878295898e-01	6.872370839118957520e-01	-5.638840794563293457e-01	-4.349654614925384521e-01	5.108926817774772644e-02	-3.273825645446777344e-01	-3.989727795124053955e-01	-5.603767633438110352e-01
3.454746007919311523e-01	1.837189435958862305e+00	-2.022780418395996094e+00	-1.518644094467163086e+00	-9.799854159355163574e-01	-1.512457013130187988e+00	-2.051528930664062500e+00	-3.987823724746704102e-01
8.454480171203613281e-01	1.314695477485656738e+00	-1.887354135513305664e+00	-1.519034624099731445e+00	-1.118182063102722168e+00	-1.176861286163330078e+00	-1.848021268844604492e+00	-6.478626132011413574e-01
3.206214308738708496e-01	4.975250065326690674e-01	-6.734834909439086914e-01	-6.265885829925537109e-01	-2.778142094612121582e-01	-4.971337616443634033e-01	-5.905716419219970703e-01	-4.495267868041992188e-01
-2.922990620136260986e-01	-4.526721239089965820e-01	1.199186921119689941e+00	5.686039924621582031e-01	9.351015686988830566e-01	7.686846852302551270e-01	1.409510374069213867e+00	-3.691116869449615479e-01
-1.078089952468872070e+00	-9.191852807998657227e-01	2.599696874618530273e+00	2.024728536605834961e+00	2.306725263595581055e+00	1.653716444969177246e+00	2.979191541671752930e+00	-1.533341705799102783e-01
-1.286645174026489258e+00	-9.577533006668090820e-01	2.756347894668579102e+00	2.064024686813354492e+00	2.273585319519042969e+00	1.713403463363647461e+00	2.956278085708618164e+00	-3.305539116263389587e-02
-7.960265874862670898e-01	-1.744518727064132690e-01	1.372064948081970215e+00	1.385584473609924316e+00	1.510153770446777344e+00	7.227080464363098145e-01	1.565567493438720703e+00	-1.661485433578491211e-01
2.291366457939147949e-02	9.072511196136474609e-01	-9.390567541122436523e-01	-4.788806438446044922e-01	-7.381045073270797729e-02	-9.129675626754760742e-01	-6.922168135643005371e-01	-2.871905267238616943e-01
5.019724369049072266e-01	1.283918976783752441e+00	-1.750970959663391113e+00	-1.372209668159484863e+00	-7.658417224884033203e-01	-1.172059535980224609e+00	-1.797984242439270020e+00	-4.174538552761077881e-01
6.441290378570556641e-01	1.212353110313415527e+00	-1.740067839622497559e+00	-1.526966810226440430e+00	-1.007487297058105469e+00	-1.238817572593688965e+00	-1.642107486724853516e+00	-4.764977097511291504e-01
1.702357679605484009e-01	8.349789977073669434e-01	-8.069313764572143555e-01	-6.906322836875915527e-01	-4.347245991230010986e-01	-5.544586777687072754e-01	-4.733428359031677246e-01	-5.788362622261047363e-01
-2.236494719982147217e-01	-4.592662751674652100e-01	8.860772252082824707e-01	6.968394517898559570e-01	9.575462937355041504e-01	7.539318203926086426e-01	1.031571626663208008e+00	-3.641746044158935547e-01
-9.004610776901245117e-01	-7.910074591636657715e-01	2.334450483322143555e+00	1.606438517570495605e+00	1.967443823814392090e+00	1.351084589958190918e+00	2.528927564620971680e+00	-1.624136567115783691e-01
-9.822862148284912109e-01	-7.539331912994384766e-01	2.269517421722412109e+00	1.792872309684753418e+00	2.094765424728393555e+00	1.414034247398376465e+00	2.491979837417602539e+00	-8.960199356079101562e-02
-8.593084216117858887e-01	3.985046222805976868e-02	1.404108524322509766e+00	1.081439614295959473e+00	1.678485035896301270e+00	6.419922113418579102e-01	1.413395166397094727e+00	1.031493917107582092e-01
-1.883179247379302979e-01	7.506455183029174805e-01	-4.491564035415649414e-01	-1.545155495405197144e-01	1.154844090342521667e-01	-4.158367216587066650e-01	-3.619374036788940430e-01	-2.897277176380157471e-01
6.328908801078796387e-01	1.658473730087280273e+00	-2.108788251876831055e+00	-1.607768893241882324e+00	-9.530833959579467773e-01	-1.624250054359436035e+00	-2.107743024826049805e+00	-3.600332140922546387e-01
5.363544821739196777e-01	1.150062322616577148e+00	-1.698504686355590820e+00	-1.395858168601989746e+00	-9.144042730331420898e-01	-1.238790273666381836e+00	-1.689803481101989746e+00	-3.233120441436767578e-01
1.860583573579788208e-01	3.905859291553497314e-01	-6.101037263870239258e-01	-6.776010990142822266e-01	-3.089446425437927246e-01	-2.868072390556335449e-01	-3.496773838996887207e-01	-5.251235961914062500e-01
-2.167791724205017090e-01	-5.270021557807922363e-01	9.061535596847534180e-01	3.644307851791381836e-01	6.070956587791442871e-01	8.096703886985778809e-01	1.173514485359191895e+00	-4.900846779346466064e-01
-1.156830430030822754e+00	-1.001451015472412109e+00	2.660373926162719727e+00	2.030220746994018555e+00	2.085185289382934570e+00	1.885478258132934570e+00	3.121338129043579102e+00	-3.306201398372650146e-01
-1.117645502090454102e+00	-8.613033890724182129e-01	2.451019287109375000e+00	2.060853958129882812e+00	2.175316095352172852e+00	1.584308624267578125e+00	2.862609148025512695e+00	-2.636369764804840088e-01
-8.331288099288940430e-01	-4.979521781206130981e-02	1.421549081802368164e+00	9.939402937889099121e-01	1.402956247329711914e+00	7.855029702186584473e-01	1.533832907676696777e+00	-1.492519378662109375e-01
-2.092951387166976929e-01	7.879649996757507324e-01	-4.233234226703643799e-01	-2.907507419586181641e-01	2.611699700355529785e-01	-3.879788219928741455e-01	-2.018648684024810791e-01	-2.997899949550628662e-01
4.264062047004699707e-01	1.519166827201843262e+00	-1.872073292732238770e+00	-1.400362849235534668e+00	-7.721396684646606445e-01	-1.341417431831359863e+00	-1.987340092658996582e+00	-2.629076242446899414e-01
5.729777216911315918e-01	1.257947206497192383e+00	-1.677563071250915527e+00	-1.382787108421325684e+00	-9.951497912406921387e-01	-1.119134664535522461e+00	-1.723981976509094238e+00	-4.688392579555511475e-01
5.922941863536834717e-02	6.429826021194458008e-01	-6.396930217742919922e-01	-7.282902598381042480e-01	-3.008657991886138916e-01	-3.541388809680938721e-01	-4.134362936019897461e-01	-5.029805302619934082e-01
-3.180912137031555176e-01	-4.774790108203887939e-01	1.179702997207641602e+00	4.982018172740936279e-01	9.747315049171447754e-01	9.621349573135375977e-01	1.457682251930236816e+00	-3.604400455951690674e-01
-1.158879876136779785e+00	-1.257205367088317871e+00	2.777405977249145508e+00	2.102622509002685547e+00	2.078501701354980469e+00	1.855377912521362305e+00	3.108237504959106445e+00	-2.135009914636611938e-01
-1.357176065444946289e+00	-8.086419701576232910e-01	2.516109466552734375e+00	2.025856018066406250e+00	2.200624227523803711e+00	1.563261747360229492e+00	2.637035131454467773e+00	1.094429343938827515e-01
-5.050362348556518555e-01	-8.997632563114166260e-02	1.141973495483398438e+00	8.004444241523742676e-01	1.331878542900085449e+00	5.593249201774597168e-01	1.282634854316711426e+00	-1.806027889251708984e-01
-1.005826592445373535e-01	8.002637028694152832e-01	-4.876486957073211670e-01	-2.177267670631408691e-01	3.004847466945648193e-01	-4.512867033481597900e-01	-4.533856511116027832e-01	-2.048209458589553833e-01
2.922495901584625244e-01	1.508665919303894043e+00	-1.881154417991638184e+00	-1.251247048377990723e+00	-9.790067076683044434e-01	-1.396596670150756836e+00	-1.947535276412963867e+00	-3.294747471809387207e-01
7.947699427604675293e-01	1.233907818794250488e+00	-1.709931731224060059e+00	-1.645249724388122559e+00	-1.077045083045959473e+00	-1.042155742645263672e+00	-1.735369801521301270e+00	-5.949220061302185059e-01
3.625104129314422607e-01	7.047379016876220703e-01	-1.006627917289733887e+00	-8.594959378242492676e-01	-5.283550620079040527e-01	-5.818974971771240234e-01	-7.442486882209777832e-01	-5.586568117141723633e-01
-3.204070925712585449e-01	-5.152799487113952637e-01	1.128005504608154297e+00	6.730304956436157227e-01	9.476011395454406738e-01	1.049256920814514160e+00	1.438052654266357422e+00	-4.962816536426544189e-01
-8.914272189140319824e-01	-1.164545416831970215e+00	2.533468961715698242e+00	1.898180246353149414e+00	2.112484216690063477e+00	1.758855342864990234e+00	2.821954727172851562e+00	-2.683234810829162598e-01
-1.114493966102600098e+00	-9.345512986183166504e-01	2.563149452209472656e+00	1.961313605308532715e+00	2.351990699768066406e+00	1.397922635078430176e+00	2.820533990859985352e+00	8.745271712541580200e-03
-9.538493156433105469e-01	1.225688681006431580e-01	1.276128411293029785e+00	1.172051191329956055e+00	1.631980538368225098e+00	6.872164607048034668e-01	1.227534770965576172e+00	-2.020397409796714783e-02
-3.563405945897102356e-02	7.766495347023010254e-01	-5.024690628051757812e-01	-3.179782927036285400e-01	1.512932330369949341e-01	-3.275084197521209717e-01	-5.436755418777465820e-01	-3.044222593307495117e-01
6.006854176521301270e-01	1.493126869201660156e+00	-2.038235187530517578e+00	-1.478055357933044434e+00	-1.164066433906555176e+00	-1.404697418212890625e+00	-2.040191650390625000e+00	-5.409426093101501465e-01
7.071069478988647461e-01	1.488715410232543945e+00	-2.137464523315429688e+00	-1.836561322212219238e+00	-1.118466138839721680e+00	-1.478232502937316895e+00	-2.180062055587768555e+00	-3.301429152488708496e-01
1.588132977485656738e-01	5.056911706924438477e-01	-2.866456806659698486e-01	-5.358352661132812500e-01	-5.424668081104755402e-03	-1.307087093591690063e-01	-1.568547189235687256e-01	-5.027855038642883301e-01
